,placeID,name,userID,rating
0,134999,Kiku Cuernavaca,1093,2
1,134999,Kiku Cuernavaca,1066,1
2,134999,Kiku Cuernavaca,1040,1
3,134999,Kiku Cuernavaca,1110,2
4,134999,Kiku Cuernavaca,1121,2
5,132825,puesto de tacos,1077,2
6,132825,puesto de tacos,1055,2
7,132825,puesto de tacos,1053,1
8,132825,puesto de tacos,1081,1
9,132825,puesto de tacos,1001,2
10,132825,puesto de tacos,1056,2
11,132825,puesto de tacos,1134,1
12,132825,puesto de tacos,1116,2
13,132825,puesto de tacos,1024,1
14,132825,puesto de tacos,1132,2
15,132825,puesto de tacos,1036,2
16,132825,puesto de tacos,1071,2
17,132825,puesto de tacos,1049,0
18,132825,puesto de tacos,1104,1
19,132825,puesto de tacos,1045,2
20,132825,puesto de tacos,1009,1
21,132825,puesto de tacos,1135,0
22,132825,puesto de tacos,1062,0
23,132825,puesto de tacos,1109,2
24,132825,puesto de tacos,1085,2
25,132825,puesto de tacos,1098,1
26,132825,puesto de tacos,1003,2
27,132825,puesto de tacos,1091,0
28,132825,puesto de tacos,1029,1
29,132825,puesto de tacos,1137,2
30,132825,puesto de tacos,1114,0
31,132825,puesto de tacos,1061,1
32,132825,puesto de tacos,1057,1
33,132825,puesto de tacos,1025,0
34,132825,puesto de tacos,1059,2
35,132825,puesto de tacos,1006,1
36,132825,puesto de tacos,1002,2
37,135106,El Rinc�n de San Francisco,1055,2
38,135106,El Rinc�n de San Francisco,1126,2
39,135106,El Rinc�n de San Francisco,1024,1
40,135106,El Rinc�n de San Francisco,1004,2
41,135106,El Rinc�n de San Francisco,1106,0
42,135106,El Rinc�n de San Francisco,1016,2
43,135106,El Rinc�n de San Francisco,1101,0
44,135106,El Rinc�n de San Francisco,1135,0
45,135106,El Rinc�n de San Francisco,1078,2
46,135106,El Rinc�n de San Francisco,1002,1
47,132667,little pizza Emilio Portes Gil,1103,1
48,132667,little pizza Emilio Portes Gil,1123,1
49,132667,little pizza Emilio Portes Gil,1063,1
50,132667,little pizza Emilio Portes Gil,1087,2
51,132613,carnitas_mata,1103,2
52,132613,carnitas_mata,1070,1
53,132613,carnitas_mata,1082,0
54,132613,carnitas_mata,1123,1
55,132613,carnitas_mata,1028,2
56,132613,carnitas_mata,1043,1
57,135040,Restaurant los Compadres,1126,0
58,135040,Restaurant los Compadres,1022,0
59,135040,Restaurant los Compadres,1105,0
60,135040,Restaurant los Compadres,1001,1
61,132732,Taqueria EL amigo ,1068,0
62,132732,Taqueria EL amigo ,1067,1
63,132732,Taqueria EL amigo ,1103,0
64,132732,Taqueria EL amigo ,1082,0
65,132732,Taqueria EL amigo ,1028,1
66,132732,Taqueria EL amigo ,1050,0
67,132732,Taqueria EL amigo ,1087,2
68,132732,Taqueria EL amigo ,1043,1
69,132875,shi ro ie,1047,0
70,132875,shi ro ie,1013,2
71,132875,shi ro ie,1089,1
72,132875,shi ro ie,1091,1
73,132875,shi ro ie,1027,1
74,132875,shi ro ie,1128,0
75,132875,shi ro ie,1006,2
76,132875,shi ro ie,1096,2
77,132609,Pollo_Frito_Buenos_Aires,1070,1
78,132609,Pollo_Frito_Buenos_Aires,1082,0
79,132609,Pollo_Frito_Buenos_Aires,1063,1
80,132609,Pollo_Frito_Buenos_Aires,1050,0
81,132609,Pollo_Frito_Buenos_Aires,1043,1
82,135082,la Estrella de Dimas,1088,2
83,135082,la Estrella de Dimas,1014,0
84,135082,la Estrella de Dimas,1018,2
85,135082,la Estrella de Dimas,1094,0
86,135082,la Estrella de Dimas,1115,2
87,135082,la Estrella de Dimas,1037,0
88,135082,la Estrella de Dimas,1069,0
89,135082,la Estrella de Dimas,1111,1
90,135082,la Estrella de Dimas,1131,0
91,135070,Restaurante 75,1014,2
92,135070,Restaurante 75,1088,2
93,135070,Restaurante 75,1124,1
94,135070,Restaurante 75,1094,0
95,135070,Restaurante 75,1115,1
96,135070,Restaurante 75,1037,0
97,135070,Restaurante 75,1069,0
98,135070,Restaurante 75,1057,1
99,135069,Abondance Restaurante Bar,1081,1
100,135069,Abondance Restaurante Bar,1064,0
101,135069,Abondance Restaurante Bar,1014,1
102,135069,Abondance Restaurante Bar,1088,1
103,135069,Abondance Restaurante Bar,1126,0
104,135069,Abondance Restaurante Bar,1124,1
105,135069,Abondance Restaurante Bar,1018,0
106,135069,Abondance Restaurante Bar,1094,0
107,135069,Abondance Restaurante Bar,1105,0
108,135069,Abondance Restaurante Bar,1115,1
109,135069,Abondance Restaurante Bar,1069,0
110,135069,Abondance Restaurante Bar,1008,1
111,135065,El angel Restaurante,1134,2
112,135065,El angel Restaurante,1036,0
113,135065,El angel Restaurante,1048,2
114,135065,El angel Restaurante,1122,2
115,135065,El angel Restaurante,1033,1
116,135065,El angel Restaurante,1114,0
117,135065,El angel Restaurante,1046,2
118,135065,El angel Restaurante,1073,0
119,135065,El angel Restaurante,1010,1
120,135076,Restaurante Pueblo Bonito,1053,1
121,135076,Restaurante Pueblo Bonito,1081,1
122,135076,Restaurante Pueblo Bonito,1014,1
123,135076,Restaurante Pueblo Bonito,1056,2
124,135076,Restaurante Pueblo Bonito,1125,1
125,135076,Restaurante Pueblo Bonito,1075,2
126,135076,Restaurante Pueblo Bonito,1005,2
127,135076,Restaurante Pueblo Bonito,1019,0
128,135076,Restaurante Pueblo Bonito,1099,1
129,135076,Restaurante Pueblo Bonito,1013,1
130,135076,Restaurante Pueblo Bonito,1085,2
131,135076,Restaurante Pueblo Bonito,1058,2
132,135076,Restaurante Pueblo Bonito,1010,1
133,135086,Mcdonalds Parque Tangamanga,1108,1
134,135086,Mcdonalds Parque Tangamanga,1034,1
135,135086,Mcdonalds Parque Tangamanga,1095,1
136,135086,Mcdonalds Parque Tangamanga,1007,0
137,135086,Mcdonalds Parque Tangamanga,1091,1
138,135086,Mcdonalds Parque Tangamanga,1019,0
139,135086,Mcdonalds Parque Tangamanga,1061,1
140,135086,Mcdonalds Parque Tangamanga,1112,0
141,135086,Mcdonalds Parque Tangamanga,1096,1
142,135086,Mcdonalds Parque Tangamanga,1097,2
143,132870,Tortas y hamburguesas el gordo,1052,1
144,132870,Tortas y hamburguesas el gordo,1111,0
145,132870,Tortas y hamburguesas el gordo,1015,0
146,132870,Tortas y hamburguesas el gordo,1131,0
147,132870,Tortas y hamburguesas el gordo,1102,2
148,132854,Sirlone,1038,1
149,132854,Sirlone,1113,0
150,132854,Sirlone,1008,2
151,132854,Sirlone,1111,2
152,132854,Sirlone,1037,1
153,132854,Sirlone,1102,2
154,132937,rockabilly ,1003,2
155,132937,rockabilly ,1027,1
156,132937,rockabilly ,1029,1
157,132937,rockabilly ,1086,2
158,132856,Unicols Pizza,1038,0
159,132856,Unicols Pizza,1071,2
160,132856,Unicols Pizza,1019,0
161,132856,Unicols Pizza,1113,0
162,132856,Unicols Pizza,1106,0
163,132856,Unicols Pizza,1045,1
164,132856,Unicols Pizza,1016,2
165,132856,Unicols Pizza,1099,1
166,132856,Unicols Pizza,1054,2
167,132856,Unicols Pizza,1101,1
168,132856,Unicols Pizza,1032,1
169,132856,Unicols Pizza,1135,0
170,132856,Unicols Pizza,1109,1
171,132856,Unicols Pizza,1098,1
172,132668,TACOS EL GUERO,1031,0
173,132668,TACOS EL GUERO,1021,2
174,132668,TACOS EL GUERO,1080,1
175,135033,Restaurant El Muladar de Calzada,1022,1
176,135033,Restaurant El Muladar de Calzada,1105,0
177,135033,Restaurant El Muladar de Calzada,1104,1
178,135033,Restaurant El Muladar de Calzada,1001,1
179,132862,La Posada del Virrey,1038,2
180,132862,La Posada del Virrey,1071,2
181,132862,La Posada del Virrey,1084,2
182,132862,La Posada del Virrey,1106,2
183,132862,La Posada del Virrey,1009,2
184,132862,La Posada del Virrey,1016,2
185,132862,La Posada del Virrey,1098,1
186,132862,La Posada del Virrey,1003,1
187,132862,La Posada del Virrey,1029,1
188,132862,La Posada del Virrey,1137,2
189,132862,La Posada del Virrey,1090,2
190,132862,La Posada del Virrey,1112,1
191,132862,La Posada del Virrey,1057,1
192,132862,La Posada del Virrey,1059,0
193,132862,La Posada del Virrey,1073,0
194,132862,La Posada del Virrey,1049,0
195,132862,La Posada del Virrey,1002,2
196,132862,La Posada del Virrey,1136,2
197,134983,Restaurant and Bar and Clothesline Carlos N Charlies,1012,2
198,134983,Restaurant and Bar and Clothesline Carlos N Charlies,1017,0
199,134983,Restaurant and Bar and Clothesline Carlos N Charlies,1133,1
200,134983,Restaurant and Bar and Clothesline Carlos N Charlies,1118,0
201,134983,Restaurant and Bar and Clothesline Carlos N Charlies,1041,2
202,132851,KFC,1052,1
203,132851,KFC,1069,1
204,132851,KFC,1008,1
205,132851,KFC,1111,2
206,132851,KFC,1037,2
207,132851,KFC,1015,1
208,132851,KFC,1131,2
209,135013,Giovannis,1093,2
210,135013,Giovannis,1066,1
211,135013,Giovannis,1040,2
212,135013,Giovannis,1110,2
213,135042,Restaurant Oriental Express,1053,2
214,135042,Restaurant Oriental Express,1064,1
215,135042,Restaurant Oriental Express,1014,1
216,135042,Restaurant Oriental Express,1125,1
217,135042,Restaurant Oriental Express,1076,2
218,135042,Restaurant Oriental Express,1024,1
219,135042,Restaurant Oriental Express,1005,2
220,135042,Restaurant Oriental Express,1036,2
221,135042,Restaurant Oriental Express,1071,2
222,135042,Restaurant Oriental Express,1106,2
223,135042,Restaurant Oriental Express,1016,1
224,135042,Restaurant Oriental Express,1099,1
225,135042,Restaurant Oriental Express,1032,0
226,135042,Restaurant Oriental Express,1135,0
227,135042,Restaurant Oriental Express,1085,0
228,135042,Restaurant Oriental Express,1109,2
229,135042,Restaurant Oriental Express,1027,1
230,135042,Restaurant Oriental Express,1137,2
231,135042,Restaurant Oriental Express,1049,0
232,135042,Restaurant Oriental Express,1010,2
233,132768,Mariscos Tia Licha,1017,1
234,132768,Mariscos Tia Licha,1100,2
235,132768,Mariscos Tia Licha,1118,0
236,132768,Mariscos Tia Licha,1020,2
237,132768,Mariscos Tia Licha,1051,1
238,132768,Mariscos Tia Licha,1044,2
239,132768,Mariscos Tia Licha,1119,2
240,132768,Mariscos Tia Licha,1079,2
241,132768,Mariscos Tia Licha,1042,2
242,132768,Mariscos Tia Licha,1041,2
243,132561,cafe ambar,1026,1
244,132561,cafe ambar,1129,1
245,132561,cafe ambar,1065,1
246,132561,cafe ambar,1130,0
247,135045,Restaurante la Gran Via,1022,2
248,135045,Restaurante la Gran Via,1024,2
249,135045,Restaurante la Gran Via,1120,1
250,135045,Restaurante la Gran Via,1036,2
251,135045,Restaurante la Gran Via,1084,2
252,135045,Restaurante la Gran Via,1016,2
253,135045,Restaurante la Gran Via,1099,1
254,135045,Restaurante la Gran Via,1054,2
255,135045,Restaurante la Gran Via,1001,1
256,135045,Restaurante la Gran Via,1135,0
257,135045,Restaurante la Gran Via,1062,0
258,135045,Restaurante la Gran Via,1033,2
259,135045,Restaurante la Gran Via,1086,2
260,132847,don burguers,1120,2
261,132847,don burguers,1037,1
262,132847,don burguers,1069,0
263,132847,don burguers,1111,0
264,132847,don burguers,1025,2
265,132847,don burguers,1102,2
266,135054,Restaurante y Pescaderia Tampico,1088,2
267,135054,Restaurante y Pescaderia Tampico,1126,1
268,135054,Restaurante y Pescaderia Tampico,1124,1
269,135054,Restaurante y Pescaderia Tampico,1094,0
270,135054,Restaurante y Pescaderia Tampico,1105,0
271,135054,Restaurante y Pescaderia Tampico,1115,0
272,135054,Restaurante y Pescaderia Tampico,1037,2
273,135054,Restaurante y Pescaderia Tampico,1008,1
274,135054,Restaurante y Pescaderia Tampico,1015,1
275,135054,Restaurante y Pescaderia Tampico,1131,2
276,134975,Rincon del Bife,1127,2
277,134975,Rincon del Bife,1017,2
278,134975,Rincon del Bife,1133,1
279,135053,La Fontana Pizza Restaurante and Cafe,1053,2
280,135053,La Fontana Pizza Restaurante and Cafe,1114,0
281,135053,La Fontana Pizza Restaurante and Cafe,1062,0
282,135053,La Fontana Pizza Restaurante and Cafe,1122,2
283,135053,La Fontana Pizza Restaurante and Cafe,1128,0
284,135053,La Fontana Pizza Restaurante and Cafe,1058,2
285,135053,La Fontana Pizza Restaurante and Cafe,1097,2
286,135053,La Fontana Pizza Restaurante and Cafe,1010,1
287,135050,Restaurante la Estrella de Dima,1014,2
288,135050,Restaurante la Estrella de Dima,1056,0
289,135050,Restaurante la Estrella de Dima,1124,0
290,135050,Restaurante la Estrella de Dima,1125,2
291,135050,Restaurante la Estrella de Dima,1075,2
292,135050,Restaurante la Estrella de Dima,1005,1
293,135050,Restaurante la Estrella de Dima,1085,2
294,135050,Restaurante la Estrella de Dima,1058,1
295,135025,El Rincon de San Francisco,1055,2
296,135025,El Rincon de San Francisco,1053,2
297,135025,El Rincon de San Francisco,1018,1
298,135025,El Rincon de San Francisco,1022,0
299,135025,El Rincon de San Francisco,1116,2
300,135025,El Rincon de San Francisco,1132,1
301,135025,El Rincon de San Francisco,1036,2
302,135025,El Rincon de San Francisco,1071,2
303,135025,El Rincon de San Francisco,1104,2
304,135025,El Rincon de San Francisco,1007,1
305,135025,El Rincon de San Francisco,1054,2
306,135025,El Rincon de San Francisco,1001,2
307,135025,El Rincon de San Francisco,1092,2
308,135025,El Rincon de San Francisco,1090,2
309,135025,El Rincon de San Francisco,1096,2
310,135030,Preambulo Wifi Zone Cafe,1081,1
311,135030,Preambulo Wifi Zone Cafe,1116,1
312,135030,Preambulo Wifi Zone Cafe,1024,1
313,135030,Preambulo Wifi Zone Cafe,1071,2
314,135030,Preambulo Wifi Zone Cafe,1084,2
315,135030,Preambulo Wifi Zone Cafe,1104,2
316,135030,Preambulo Wifi Zone Cafe,1106,2
317,135030,Preambulo Wifi Zone Cafe,1122,2
318,135030,Preambulo Wifi Zone Cafe,1033,2
319,135030,Preambulo Wifi Zone Cafe,1057,1
320,135030,Preambulo Wifi Zone Cafe,1059,2
321,135030,Preambulo Wifi Zone Cafe,1006,1
322,135057,El Herradero Restaurante and Bar,1064,1
323,135057,El Herradero Restaurante and Bar,1088,1
324,135057,El Herradero Restaurante and Bar,1014,1
325,135057,El Herradero Restaurante and Bar,1126,2
326,135057,El Herradero Restaurante and Bar,1124,1
327,135057,El Herradero Restaurante and Bar,1018,1
328,135057,El Herradero Restaurante and Bar,1022,2
329,135057,El Herradero Restaurante and Bar,1094,0
330,135057,El Herradero Restaurante and Bar,1105,0
331,135057,El Herradero Restaurante and Bar,1007,1
332,135057,El Herradero Restaurante and Bar,1075,2
333,135057,El Herradero Restaurante and Bar,1115,2
334,135057,El Herradero Restaurante and Bar,1005,1
335,135057,El Herradero Restaurante and Bar,1120,2
336,135057,El Herradero Restaurante and Bar,1113,2
337,135079,Koye Sushi,1134,1
338,135079,Koye Sushi,1036,2
339,135079,Koye Sushi,1113,1
340,135079,Koye Sushi,1106,2
341,135079,Koye Sushi,1009,1
342,135079,Koye Sushi,1013,1
343,135079,Koye Sushi,1032,2
344,135079,Koye Sushi,1019,0
345,135079,Koye Sushi,1122,2
346,135079,Koye Sushi,1098,2
347,135079,Koye Sushi,1089,0
348,135079,Koye Sushi,1003,2
349,135079,Koye Sushi,1112,1
350,135079,Koye Sushi,1097,2
351,135079,Koye Sushi,1128,0
352,135079,Koye Sushi,1006,1
353,135079,Koye Sushi,1010,0
354,134992,Restaurant Teely,1133,1
355,134992,Restaurant Teely,1118,0
356,134992,Restaurant Teely,1042,1
357,134992,Restaurant Teely,1041,2
358,132954,la parroquia,1004,2
359,132954,la parroquia,1112,0
360,132954,la parroquia,1090,2
361,132954,la parroquia,1057,1
362,132954,la parroquia,1061,2
363,132954,la parroquia,1097,1
364,132954,la parroquia,1128,0
365,132954,la parroquia,1006,1
366,132954,la parroquia,1073,0
367,135041,Luna Cafe,1088,2
368,135041,Luna Cafe,1106,1
369,135041,Luna Cafe,1126,2
370,135041,Luna Cafe,1075,1
371,135041,Luna Cafe,1024,1
372,135041,Luna Cafe,1005,1
373,135041,Luna Cafe,1049,0
374,135041,Luna Cafe,1104,1
375,135041,Luna Cafe,1045,1
376,135041,Luna Cafe,1054,2
377,135041,Luna Cafe,1101,0
378,135041,Luna Cafe,1135,0
379,135041,Luna Cafe,1078,2
380,135041,Luna Cafe,1003,0
381,135041,Luna Cafe,1086,2
382,135041,Luna Cafe,1061,2
383,135041,Luna Cafe,1002,2
384,132608,Hamburguesas La perica,1070,2
385,132608,Hamburguesas La perica,1082,0
386,132608,Hamburguesas La perica,1123,1
387,132608,Hamburguesas La perica,1080,2
388,132608,Hamburguesas La perica,1050,0
389,132608,Hamburguesas La perica,1043,1
390,135046,Restaurante El Reyecito,1083,2
391,135046,Restaurante El Reyecito,1108,1
392,135046,Restaurante El Reyecito,1134,2
393,135046,Restaurante El Reyecito,1113,2
394,135046,Restaurante El Reyecito,1092,0
395,135046,Restaurante El Reyecito,1098,1
396,135046,Restaurante El Reyecito,1033,2
397,135046,Restaurante El Reyecito,1061,1
398,135046,Restaurante El Reyecito,1112,0
399,135046,Restaurante El Reyecito,1057,1
400,135046,Restaurante El Reyecito,1136,2
401,132564,churchs,1060,2
402,132564,churchs,1080,1
403,132564,churchs,1039,1
404,132564,churchs,1011,1
405,132869,Dominos Pizza,1052,2
406,132869,Dominos Pizza,1008,1
407,132869,Dominos Pizza,1111,0
408,132869,Dominos Pizza,1037,1
409,132869,Dominos Pizza,1015,2
410,132869,Dominos Pizza,1131,1
411,132925,el pueblito,1138,1
412,132925,el pueblito,1027,1
413,132925,el pueblito,1090,2
414,132925,el pueblito,1128,0
415,132925,el pueblito,1002,1
416,132955,emilianos,1004,2
417,132955,emilianos,1061,2
418,132955,emilianos,1059,2
419,132955,emilianos,1097,2
420,132955,emilianos,1096,2
421,135059,Restaurant Bar Hacienda los Martinez,1134,2
422,135059,Restaurant Bar Hacienda los Martinez,1116,0
423,135059,Restaurant Bar Hacienda los Martinez,1036,2
424,135059,Restaurant Bar Hacienda los Martinez,1009,2
425,135059,Restaurant Bar Hacienda los Martinez,1085,2
426,135059,Restaurant Bar Hacienda los Martinez,1029,2
427,135059,Restaurant Bar Hacienda los Martinez,1137,2
428,135059,Restaurant Bar Hacienda los Martinez,1002,1
429,135059,Restaurant Bar Hacienda los Martinez,1003,2
430,135001,Vips,1012,1
431,135001,Vips,1093,2
432,135001,Vips,1100,2
433,135001,Vips,1133,2
434,135001,Vips,1118,0
435,135001,Vips,1119,2
436,135001,Vips,1041,1
437,135063,Restaurante Alhondiga,1053,2
438,135063,Restaurante Alhondiga,1125,1
439,135063,Restaurante Alhondiga,1022,2
440,135063,Restaurante Alhondiga,1071,2
441,135063,Restaurante Alhondiga,1009,0
442,135063,Restaurante Alhondiga,1135,0
443,135063,Restaurante Alhondiga,1109,2
444,135063,Restaurante Alhondiga,1086,1
445,135080,los Toneles,1134,1
446,135080,los Toneles,1003,2
447,135080,los Toneles,1091,0
448,135080,los Toneles,1061,2
449,135080,los Toneles,1057,1
450,135080,los Toneles,1073,0
451,135000,Restaurant los Pinos,1100,2
452,135000,Restaurant los Pinos,1117,1
453,135000,Restaurant los Pinos,1072,0
454,135000,Restaurant los Pinos,1035,2
455,135066,Restaurante Guerra,1014,2
456,135066,Restaurante Guerra,1056,2
457,135066,Restaurante Guerra,1125,1
458,135066,Restaurante Guerra,1018,1
459,135066,Restaurante Guerra,1075,2
460,135066,Restaurante Guerra,1005,2
461,135066,Restaurante Guerra,1106,2
462,135066,Restaurante Guerra,1016,2
463,135066,Restaurante Guerra,1099,1
464,135066,Restaurante Guerra,1122,2
465,135066,Restaurante Guerra,1027,0
466,135066,Restaurante Guerra,1058,1
467,135034,Michiko Restaurant Japones,1083,2
468,135034,Michiko Restaurant Japones,1095,2
469,135034,Michiko Restaurant Japones,1048,2
470,135034,Michiko Restaurant Japones,1061,2
471,135034,Michiko Restaurant Japones,1097,2
472,135060,Restaurante Marisco Sam,1077,1
473,135060,Restaurante Marisco Sam,1053,2
474,135060,Restaurante Marisco Sam,1064,1
475,135060,Restaurante Marisco Sam,1125,1
476,135060,Restaurante Marisco Sam,1022,1
477,135060,Restaurante Marisco Sam,1116,0
478,135060,Restaurante Marisco Sam,1024,1
479,135060,Restaurante Marisco Sam,1004,1
480,135060,Restaurante Marisco Sam,1071,1
481,135060,Restaurante Marisco Sam,1045,2
482,135060,Restaurante Marisco Sam,1009,1
483,135060,Restaurante Marisco Sam,1016,2
484,135060,Restaurante Marisco Sam,1099,2
485,135060,Restaurante Marisco Sam,1054,2
486,135060,Restaurante Marisco Sam,1032,1
487,135060,Restaurante Marisco Sam,1135,0
488,135060,Restaurante Marisco Sam,1078,2
489,135060,Restaurante Marisco Sam,1098,2
490,135060,Restaurante Marisco Sam,1086,1
491,135060,Restaurante Marisco Sam,1128,0
492,135060,Restaurante Marisco Sam,1073,0
493,135060,Restaurante Marisco Sam,1013,1
494,135055,la Cochinita Pibil Restaurante Yucateco,1134,2
495,135055,la Cochinita Pibil Restaurante Yucateco,1095,2
496,135055,la Cochinita Pibil Restaurante Yucateco,1085,2
497,135055,la Cochinita Pibil Restaurante Yucateco,1034,0
498,135055,la Cochinita Pibil Restaurante Yucateco,1096,2
499,135055,la Cochinita Pibil Restaurante Yucateco,1136,2
500,135055,la Cochinita Pibil Restaurante Yucateco,1058,2
501,135108,Potzocalli,1088,2
502,135108,Potzocalli,1126,2
503,135108,Potzocalli,1124,1
504,135108,Potzocalli,1018,1
505,135108,Potzocalli,1094,0
506,135108,Potzocalli,1007,1
507,135108,Potzocalli,1115,1
508,135108,Potzocalli,1037,2
509,135108,Potzocalli,1069,0
510,135108,Potzocalli,1008,1
511,135108,Potzocalli,1111,2
512,135074,Restaurante la Parroquia Potosina,1108,2
513,135074,Restaurante la Parroquia Potosina,1083,2
514,135074,Restaurante la Parroquia Potosina,1134,2
515,135074,Restaurante la Parroquia Potosina,1136,1
516,135018,El Oceano Dorado,1030,2
517,135018,El Oceano Dorado,1012,2
518,135018,El Oceano Dorado,1117,1
519,135018,El Oceano Dorado,1035,1
520,135064,Restaurante El Chivero S.A. de C.V.,1134,2
521,135064,Restaurante El Chivero S.A. de C.V.,1036,2
522,135064,Restaurante El Chivero S.A. de C.V.,1106,2
523,135064,Restaurante El Chivero S.A. de C.V.,1045,0
524,135064,Restaurante El Chivero S.A. de C.V.,1095,1
525,135064,Restaurante El Chivero S.A. de C.V.,1122,1
526,135064,Restaurante El Chivero S.A. de C.V.,1089,1
527,135064,Restaurante El Chivero S.A. de C.V.,1003,0
528,135064,Restaurante El Chivero S.A. de C.V.,1059,1
529,135064,Restaurante El Chivero S.A. de C.V.,1112,0
530,135064,Restaurante El Chivero S.A. de C.V.,1057,1
531,135064,Restaurante El Chivero S.A. de C.V.,1025,2
532,135064,Restaurante El Chivero S.A. de C.V.,1128,0
533,135064,Restaurante El Chivero S.A. de C.V.,1073,0
534,135064,Restaurante El Chivero S.A. de C.V.,1096,1
535,135064,Restaurante El Chivero S.A. de C.V.,1136,1
536,135064,Restaurante El Chivero S.A. de C.V.,1010,0
537,135038,Restaurant la Chalita,1077,2
538,135038,Restaurant la Chalita,1053,2
539,135038,Restaurant la Chalita,1126,1
540,135038,Restaurant la Chalita,1125,2
541,135038,Restaurant la Chalita,1076,1
542,135038,Restaurant la Chalita,1022,2
543,135038,Restaurant la Chalita,1116,2
544,135038,Restaurant la Chalita,1024,1
545,135038,Restaurant la Chalita,1132,1
546,135038,Restaurant la Chalita,1120,0
547,135038,Restaurant la Chalita,1019,0
548,135038,Restaurant la Chalita,1113,1
549,135038,Restaurant la Chalita,1009,2
550,135038,Restaurant la Chalita,1007,1
551,135038,Restaurant la Chalita,1099,0
552,135038,Restaurant la Chalita,1054,2
553,135038,Restaurant la Chalita,1101,2
554,135038,Restaurant la Chalita,1032,1
555,135038,Restaurant la Chalita,1062,0
556,135038,Restaurant la Chalita,1109,2
557,135038,Restaurant la Chalita,1122,2
558,135038,Restaurant la Chalita,1098,1
559,135038,Restaurant la Chalita,1033,1
560,135038,Restaurant la Chalita,1089,0
561,135081,El Club,1053,2
562,135081,El Club,1014,2
563,135081,El Club,1088,1
564,135081,El Club,1056,2
565,135081,El Club,1124,1
566,135081,El Club,1125,0
567,135081,El Club,1018,1
568,135081,El Club,1022,0
569,135081,El Club,1075,1
570,135081,El Club,1085,2
571,135081,El Club,1078,1
572,132723,Gordas de morales,1083,1
573,132723,Gordas de morales,1108,2
574,132723,Gordas de morales,1084,1
575,132723,Gordas de morales,1034,1
576,132723,Gordas de morales,1095,2
577,132723,Gordas de morales,1048,2
578,132723,Gordas de morales,1092,1
579,132723,Gordas de morales,1003,2
580,132723,Gordas de morales,1137,2
581,132723,Gordas de morales,1114,0
582,132723,Gordas de morales,1061,2
583,132723,Gordas de morales,1096,1
584,135051,Restaurante Versalles,1055,1
585,135051,Restaurante Versalles,1088,2
586,135051,Restaurante Versalles,1056,2
587,135051,Restaurante Versalles,1022,2
588,135051,Restaurante Versalles,1075,1
589,135051,Restaurante Versalles,1024,1
590,135051,Restaurante Versalles,1132,1
591,135051,Restaurante Versalles,1045,2
592,135051,Restaurante Versalles,1016,2
593,135051,Restaurante Versalles,1054,2
594,135051,Restaurante Versalles,1101,2
595,135051,Restaurante Versalles,1001,1
596,135051,Restaurante Versalles,1090,1
597,135051,Restaurante Versalles,1049,0
598,135021,Subway,1127,2
599,135021,Subway,1100,2
600,135021,Subway,1133,2
601,135021,Subway,1118,2
602,135021,Subway,1119,0
603,135021,Subway,1121,0
604,135021,Subway,1110,1
605,135021,Subway,1042,1
606,135021,Subway,1041,2
607,135052,La Cantina Restaurante,1064,2
608,135052,La Cantina Restaurante,1081,0
609,135052,La Cantina Restaurante,1056,2
610,135052,La Cantina Restaurante,1126,2
611,135052,La Cantina Restaurante,1022,2
612,135052,La Cantina Restaurante,1116,2
613,135052,La Cantina Restaurante,1105,0
614,135052,La Cantina Restaurante,1132,2
615,135052,La Cantina Restaurante,1036,2
616,135052,La Cantina Restaurante,1071,2
617,135052,La Cantina Restaurante,1106,0
618,135052,La Cantina Restaurante,1104,1
619,135052,La Cantina Restaurante,1045,1
620,135052,La Cantina Restaurante,1009,2
621,135052,La Cantina Restaurante,1016,2
622,135052,La Cantina Restaurante,1054,2
623,135052,La Cantina Restaurante,1101,2
624,135052,La Cantina Restaurante,1135,0
625,135052,La Cantina Restaurante,1062,0
626,135052,La Cantina Restaurante,1078,2
627,135052,La Cantina Restaurante,1027,1
628,135052,La Cantina Restaurante,1090,2
629,135052,La Cantina Restaurante,1073,0
630,135052,La Cantina Restaurante,1049,0
631,135052,La Cantina Restaurante,1002,1
632,132845,Cenaduria El Rincón de Tlaquepaque,1120,1
633,132845,Cenaduria El Rincón de Tlaquepaque,1037,0
634,132845,Cenaduria El Rincón de Tlaquepaque,1069,0
635,132845,Cenaduria El Rincón de Tlaquepaque,1111,2
636,132845,Cenaduria El Rincón de Tlaquepaque,1015,1
637,135011,Los Vikingos,1093,1
638,135011,Los Vikingos,1066,1
639,135011,Los Vikingos,1074,2
640,132858,Hamburguesas Valle Dorado,1038,0
641,132858,Hamburguesas Valle Dorado,1069,0
642,132858,Hamburguesas Valle Dorado,1008,1
643,132858,Hamburguesas Valle Dorado,1111,1
644,132858,Hamburguesas Valle Dorado,1102,2
645,135026,la Cantina,1134,0
646,135026,la Cantina,1120,1
647,135026,la Cantina,1084,2
648,135026,la Cantina,1048,2
649,135026,la Cantina,1046,1
650,135026,la Cantina,1089,1
651,135026,la Cantina,1061,2
652,135026,la Cantina,1112,1
653,135026,la Cantina,1097,1
654,135026,la Cantina,1006,2
655,135026,la Cantina,1096,2
656,132884,dairy queen,1047,0
657,132884,dairy queen,1034,0
658,132884,dairy queen,1091,2
659,132884,dairy queen,1137,2
660,132884,dairy queen,1097,1
661,132884,dairy queen,1006,2
662,135016,Arrachela Grill,1030,0
663,135016,Arrachela Grill,1072,1
664,135016,Arrachela Grill,1117,2
665,135104,vips,1068,1
666,135104,vips,1067,0
667,135104,vips,1103,1
668,135104,vips,1123,2
669,135104,vips,1063,1
670,135104,vips,1028,0
671,135104,vips,1087,1
672,132630,palomo tec,1068,1
673,132630,palomo tec,1067,1
674,132630,palomo tec,1103,1
675,132630,palomo tec,1082,1
676,132630,palomo tec,1028,2
677,132630,palomo tec,1043,1
678,135047,Restaurante Casa de las Flores,1055,2
679,135047,Restaurante Casa de las Flores,1053,2
680,135047,Restaurante Casa de las Flores,1134,1
681,135047,Restaurante Casa de las Flores,1116,2
682,135047,Restaurante Casa de las Flores,1106,0
683,135047,Restaurante Casa de las Flores,1104,1
684,135047,Restaurante Casa de las Flores,1029,1
685,135047,Restaurante Casa de las Flores,1112,0
686,135047,Restaurante Casa de las Flores,1025,1
687,135047,Restaurante Casa de las Flores,1010,1
688,132951,VIPS,1033,2
689,132951,VIPS,1089,1
690,132951,VIPS,1027,1
691,132951,VIPS,1086,1
692,132951,VIPS,1137,2
693,132951,VIPS,1114,0
694,132951,VIPS,1046,1
695,132951,VIPS,1128,0
696,132951,VIPS,1073,0
697,132951,VIPS,1013,2
698,132665,TACOS CORRECAMINOS,1031,0
699,132665,TACOS CORRECAMINOS,1026,2
700,132665,TACOS CORRECAMINOS,1065,1
701,132665,TACOS CORRECAMINOS,1129,0
702,132665,TACOS CORRECAMINOS,1039,1
703,135044,Restaurant Wu Zhuo Yi,1083,1
704,135044,Restaurant Wu Zhuo Yi,1134,1
705,135044,Restaurant Wu Zhuo Yi,1046,1
706,135044,Restaurant Wu Zhuo Yi,1059,2
707,135035,El Mundo de la Pasta,1084,2
708,135035,El Mundo de la Pasta,1095,2
709,135035,El Mundo de la Pasta,1034,1
710,135035,El Mundo de la Pasta,1091,1
711,135071,Restaurante la Cantina,1015,0
712,135071,Restaurante la Cantina,1088,0
713,135071,Restaurante la Cantina,1124,1
714,135071,Restaurante la Cantina,1094,0
715,135071,Restaurante la Cantina,1115,2
716,135071,Restaurante la Cantina,1111,2
717,135071,Restaurante la Cantina,1037,1
718,135071,Restaurante la Cantina,1092,1
719,135071,Restaurante la Cantina,1025,2
720,132834,Gorditas Doa Gloria,1116,2
721,132834,Gorditas Doa Gloria,1075,1
722,132834,Gorditas Doa Gloria,1024,1
723,132834,Gorditas Doa Gloria,1036,1
724,132834,Gorditas Doa Gloria,1071,1
725,132834,Gorditas Doa Gloria,1104,1
726,132834,Gorditas Doa Gloria,1106,2
727,132834,Gorditas Doa Gloria,1045,1
728,132834,Gorditas Doa Gloria,1009,2
729,132834,Gorditas Doa Gloria,1016,2
730,132834,Gorditas Doa Gloria,1099,2
731,132834,Gorditas Doa Gloria,1135,0
732,132834,Gorditas Doa Gloria,1032,1
733,132834,Gorditas Doa Gloria,1062,0
734,132834,Gorditas Doa Gloria,1078,0
735,132834,Gorditas Doa Gloria,1122,2
736,132834,Gorditas Doa Gloria,1089,1
737,132834,Gorditas Doa Gloria,1029,0
738,132834,Gorditas Doa Gloria,1019,0
739,132834,Gorditas Doa Gloria,1137,2
740,132834,Gorditas Doa Gloria,1114,0
741,132834,Gorditas Doa Gloria,1061,1
742,132834,Gorditas Doa Gloria,1112,1
743,132834,Gorditas Doa Gloria,1057,1
744,132834,Gorditas Doa Gloria,1073,0
745,132846,el lechon potosino ,1120,2
746,132846,el lechon potosino ,1069,0
747,132846,el lechon potosino ,1008,1
748,132846,el lechon potosino ,1102,2
749,132846,el lechon potosino ,1025,2
750,135048,Restaurante Bar Fu-hao,1055,2
751,135048,Restaurante Bar Fu-hao,1048,0
752,135048,Restaurante Bar Fu-hao,1061,2
753,135048,Restaurante Bar Fu-hao,1112,0
754,135048,Restaurante Bar Fu-hao,1006,1
755,135048,Restaurante Bar Fu-hao,1136,1
756,132717,tortas hawai,1023,0
757,132717,tortas hawai,1060,2
758,132717,tortas hawai,1011,2
759,132861,Carls Jr,1038,1
760,132861,Carls Jr,1084,2
761,132861,Carls Jr,1095,1
762,132861,Carls Jr,1098,2
763,132861,Carls Jr,1091,1
764,132861,Carls Jr,1046,1
765,132861,Carls Jr,1097,2
766,132885,Hamburguesas saul,1078,1
767,132885,Hamburguesas saul,1099,0
768,132885,Hamburguesas saul,1085,0
769,132885,Hamburguesas saul,1098,1
770,132885,Hamburguesas saul,1058,1
771,132740,Carreton de Flautas y Migadas,1068,0
772,132740,Carreton de Flautas y Migadas,1060,1
773,132740,Carreton de Flautas y Migadas,1123,1
774,132740,Carreton de Flautas y Migadas,1021,2
775,132740,Carreton de Flautas y Migadas,1023,0
776,132740,Carreton de Flautas y Migadas,1050,0
777,132740,Carreton de Flautas y Migadas,1028,1
778,132740,Carreton de Flautas y Migadas,1087,1
779,132830,Rincon Huasteco,1001,1
780,132830,Rincon Huasteco,1088,0
781,132830,Rincon Huasteco,1014,2
782,132830,Rincon Huasteco,1126,0
783,132830,Rincon Huasteco,1094,0
784,132830,Rincon Huasteco,1105,0
785,132830,Rincon Huasteco,1075,1
786,132830,Rincon Huasteco,1115,2
787,132830,Rincon Huasteco,1005,1
788,132830,Rincon Huasteco,1037,2
789,132830,Rincon Huasteco,1019,0
790,132830,Rincon Huasteco,1025,2
791,132773,El cotorreo,1072,2
792,132773,El cotorreo,1117,1
793,132773,El cotorreo,1035,2
794,132773,El cotorreo,1040,1
795,132706,Gorditas Dona Tota,1026,0
796,132706,Gorditas Dona Tota,1129,0
797,132706,Gorditas Dona Tota,1065,2
798,132706,Gorditas Dona Tota,1130,1
799,132872,Pizzeria Julios,1095,1
800,132872,Pizzeria Julios,1099,1
801,132872,Pizzeria Julios,1128,0
802,132872,Pizzeria Julios,1062,0
803,132872,Pizzeria Julios,1032,1
804,132872,Pizzeria Julios,1085,0
805,132872,Pizzeria Julios,1109,1
806,132872,Pizzeria Julios,1122,2
807,132872,Pizzeria Julios,1089,1
808,132872,Pizzeria Julios,1027,1
809,132872,Pizzeria Julios,1114,1
810,132872,Pizzeria Julios,1058,2
811,134987,Chilis Cuernavaca,1044,0
812,134987,Chilis Cuernavaca,1127,2
813,134987,Chilis Cuernavaca,1118,0
814,134987,Chilis Cuernavaca,1074,2
815,132572,Cafe Chaires,1108,1
816,132572,Cafe Chaires,1055,2
817,132572,Cafe Chaires,1083,2
818,132572,Cafe Chaires,1134,0
819,132572,Cafe Chaires,1007,1
820,132572,Cafe Chaires,1092,1
821,132572,Cafe Chaires,1033,1
822,132572,Cafe Chaires,1091,2
823,132572,Cafe Chaires,1090,1
824,132572,Cafe Chaires,1013,1
825,132572,Cafe Chaires,1061,1
826,132572,Cafe Chaires,1046,1
827,132572,Cafe Chaires,1112,0
828,132572,Cafe Chaires,1006,1
829,132572,Cafe Chaires,1073,0
830,132958,tacos los volcanes,1004,2
831,132958,tacos los volcanes,1061,2
832,132958,tacos los volcanes,1025,1
833,132958,tacos los volcanes,1097,2
834,132958,tacos los volcanes,1096,1
835,132958,tacos los volcanes,1136,2
836,132733,Little Cesarz,1067,1
837,132733,Little Cesarz,1103,2
838,132733,Little Cesarz,1107,2
839,132733,Little Cesarz,1060,2
840,132733,Little Cesarz,1123,1
841,132733,Little Cesarz,1023,2
842,132733,Little Cesarz,1080,1
843,132733,Little Cesarz,1082,0
844,132733,Little Cesarz,1028,1
845,132733,Little Cesarz,1068,1
846,132922,cafe punta del cielo,1138,2
847,132922,cafe punta del cielo,1003,2
848,132922,cafe punta del cielo,1029,1
849,132922,cafe punta del cielo,1086,2
850,132922,cafe punta del cielo,1090,2
851,132922,cafe punta del cielo,1006,2
852,132715,tacos de la estacion,1023,0
853,132715,tacos de la estacion,1021,2
854,132715,tacos de la estacion,1080,1
855,132715,tacos de la estacion,1011,1
856,135027,Restaurant Orizatlan,1081,0
857,135027,Restaurant Orizatlan,1056,2
858,135027,Restaurant Orizatlan,1076,0
859,135027,Restaurant Orizatlan,1116,0
860,135027,Restaurant Orizatlan,1024,1
861,135027,Restaurant Orizatlan,1132,2
862,135027,Restaurant Orizatlan,1077,0
863,135027,Restaurant Orizatlan,1101,2
864,132767,Restaurant Familiar El Chino,1093,2
865,132767,Restaurant Familiar El Chino,1030,0
866,132767,Restaurant Familiar El Chino,1066,1
867,132767,Restaurant Familiar El Chino,1133,0
868,132767,Restaurant Familiar El Chino,1110,2
869,132767,Restaurant Familiar El Chino,1121,2
870,135039,Restaurant de Mariscos de Picon,1081,0
871,135039,Restaurant de Mariscos de Picon,1124,1
872,135039,Restaurant de Mariscos de Picon,1076,2
873,135039,Restaurant de Mariscos de Picon,1105,0
874,135039,Restaurant de Mariscos de Picon,1075,2
875,135039,Restaurant de Mariscos de Picon,1024,2
876,135039,Restaurant de Mariscos de Picon,1071,2
877,135039,Restaurant de Mariscos de Picon,1104,0
878,135039,Restaurant de Mariscos de Picon,1106,2
879,135039,Restaurant de Mariscos de Picon,1054,2
880,135039,Restaurant de Mariscos de Picon,1101,1
881,135039,Restaurant de Mariscos de Picon,1001,1
882,134996,Sanborns Casa Piedra,1012,2
883,134996,Sanborns Casa Piedra,1093,2
884,134996,Sanborns Casa Piedra,1030,0
885,134996,Sanborns Casa Piedra,1127,2
886,134996,Sanborns Casa Piedra,1100,2
887,134996,Sanborns Casa Piedra,1020,1
888,134996,Sanborns Casa Piedra,1035,2
889,134996,Sanborns Casa Piedra,1042,2
890,134996,Sanborns Casa Piedra,1051,1
891,132755,La Estrella de Dimas,1083,2
892,132755,La Estrella de Dimas,1048,2
893,132755,La Estrella de Dimas,1003,2
894,132755,La Estrella de Dimas,1137,2
895,132755,La Estrella de Dimas,1114,1
896,135043,pizza clasica,1081,0
897,135043,pizza clasica,1014,1
898,135043,pizza clasica,1018,0
899,135043,pizza clasica,1125,1
900,135043,pizza clasica,1005,0
901,135043,pizza clasica,1099,2
902,135043,pizza clasica,1085,2
903,135043,pizza clasica,1057,1
904,135043,pizza clasica,1058,1
905,132654,Carnitas Mata  Calle 16 de Septiembre,1026,0
906,132654,Carnitas Mata  Calle 16 de Septiembre,1129,0
907,132654,Carnitas Mata  Calle 16 de Septiembre,1065,1
908,132654,Carnitas Mata  Calle 16 de Septiembre,1130,0
909,135049,Restaurante de Mariscos la Langosta,1083,0
910,135049,Restaurante de Mariscos la Langosta,1034,0
911,135049,Restaurante de Mariscos la Langosta,1048,1
912,135049,Restaurante de Mariscos la Langosta,1137,2
913,135049,Restaurante de Mariscos la Langosta,1097,2
914,135073,Restaurante Bar El Gallinero,1076,2
915,135073,Restaurante Bar El Gallinero,1022,2
916,135073,Restaurante Bar El Gallinero,1024,1
917,135073,Restaurante Bar El Gallinero,1101,1
918,132560,puesto de gorditas,1067,1
919,132560,puesto de gorditas,1082,0
920,132560,puesto de gorditas,1050,0
921,132560,puesto de gorditas,1087,1
922,134976,Log Yin,1093,2
923,134976,Log Yin,1100,2
924,134976,Log Yin,1074,2
925,134976,Log Yin,1079,1
926,135075,Mariscos El Pescador,1108,2
927,135075,Mariscos El Pescador,1055,2
928,135075,Mariscos El Pescador,1134,2
929,135075,Mariscos El Pescador,1033,2
930,135075,Mariscos El Pescador,1003,2
931,135075,Mariscos El Pescador,1091,2
932,135075,Mariscos El Pescador,1137,2
933,135075,Mariscos El Pescador,1061,2
934,135075,Mariscos El Pescador,1013,2
935,135075,Mariscos El Pescador,1059,2
936,135075,Mariscos El Pescador,1057,0
937,135075,Mariscos El Pescador,1006,1
938,135075,Mariscos El Pescador,1096,1
939,132660,carnitas mata calle Emilio Portes Gil,1107,2
940,132660,carnitas mata calle Emilio Portes Gil,1080,2
941,132660,carnitas mata calle Emilio Portes Gil,1063,2
942,132660,carnitas mata calle Emilio Portes Gil,1087,1
943,132660,carnitas mata calle Emilio Portes Gil,1068,0
944,132921,crudalia,1138,2
945,132921,crudalia,1013,2
946,132921,crudalia,1098,1
947,132921,crudalia,1033,2
948,132921,crudalia,1089,1
949,132921,crudalia,1027,1
950,132921,crudalia,1029,1
951,132921,crudalia,1086,1
952,132921,crudalia,1019,0
953,132921,crudalia,1061,1
954,132921,crudalia,1046,2
955,132921,crudalia,1112,1
956,132921,crudalia,1128,0
957,132921,crudalia,1097,2
958,132921,crudalia,1049,0
959,132921,crudalia,1002,2
960,132921,crudalia,1136,2
961,132594,tacos de barbacoa enfrente del Tec,1082,0
962,132594,tacos de barbacoa enfrente del Tec,1123,1
963,132594,tacos de barbacoa enfrente del Tec,1050,0
964,132594,tacos de barbacoa enfrente del Tec,1087,1
965,132594,tacos de barbacoa enfrente del Tec,1068,1
966,134986,Restaurant Las Mananitas,1030,2
967,134986,Restaurant Las Mananitas,1012,2
968,134986,Restaurant Las Mananitas,1133,2
969,134986,Restaurant Las Mananitas,1044,2
970,134986,Restaurant Las Mananitas,1119,2
971,134986,Restaurant Las Mananitas,1035,2
972,134986,Restaurant Las Mananitas,1079,2
973,134986,Restaurant Las Mananitas,1042,2
974,135062,Restaurante El Cielo Potosino,1053,2
975,135062,Restaurante El Cielo Potosino,1056,2
976,135062,Restaurante El Cielo Potosino,1125,1
977,135062,Restaurante El Cielo Potosino,1018,0
978,135062,Restaurante El Cielo Potosino,1022,1
979,135062,Restaurante El Cielo Potosino,1075,1
980,135062,Restaurante El Cielo Potosino,1132,2
981,135062,Restaurante El Cielo Potosino,1004,2
982,135062,Restaurante El Cielo Potosino,1104,1
983,135062,Restaurante El Cielo Potosino,1106,2
984,135062,Restaurante El Cielo Potosino,1016,2
985,135062,Restaurante El Cielo Potosino,1054,2
986,135062,Restaurante El Cielo Potosino,1062,0
987,135062,Restaurante El Cielo Potosino,1027,1
988,135062,Restaurante El Cielo Potosino,1019,0
989,135062,Restaurante El Cielo Potosino,1137,2
990,135062,Restaurante El Cielo Potosino,1090,2
991,135062,Restaurante El Cielo Potosino,1112,0
992,135062,Restaurante El Cielo Potosino,1073,0
993,135062,Restaurante El Cielo Potosino,1002,1
994,135062,Restaurante El Cielo Potosino,1058,2
995,132766,Mikasa,1133,1
996,132766,Mikasa,1117,0
997,132766,Mikasa,1079,1
998,135088,Cafeteria cenidet,1044,2
999,135088,Cafeteria cenidet,1030,1
1000,135088,Cafeteria cenidet,1072,0
1001,135088,Cafeteria cenidet,1117,1
1002,135088,Cafeteria cenidet,1020,1
1003,135088,Cafeteria cenidet,1051,1
1004,135058,Restaurante Tiberius,1108,1
1005,135058,Restaurante Tiberius,1084,1
1006,135058,Restaurante Tiberius,1009,1
1007,135058,Restaurante Tiberius,1095,1
1008,135058,Restaurante Tiberius,1007,1
1009,135058,Restaurante Tiberius,1032,2
1010,135058,Restaurante Tiberius,1135,0
1011,135058,Restaurante Tiberius,1109,2
1012,135058,Restaurante Tiberius,1122,2
1013,135058,Restaurante Tiberius,1089,1
1014,135058,Restaurante Tiberius,1137,0
1015,135058,Restaurante Tiberius,1114,0
1016,135058,Restaurante Tiberius,1061,1
1017,135058,Restaurante Tiberius,1046,2
1018,135058,Restaurante Tiberius,1097,2
1019,135058,Restaurante Tiberius,1128,0
1020,135058,Restaurante Tiberius,1058,2
1021,135058,Restaurante Tiberius,1010,1
1022,132754,Cabana Huasteca,1055,2
1023,132754,Cabana Huasteca,1053,1
1024,132754,Cabana Huasteca,1134,2
1025,132754,Cabana Huasteca,1036,2
1026,132754,Cabana Huasteca,1106,2
1027,132754,Cabana Huasteca,1009,1
1028,132754,Cabana Huasteca,1122,2
1029,132754,Cabana Huasteca,1089,1
1030,132754,Cabana Huasteca,1029,0
1031,132754,Cabana Huasteca,1114,0
1032,132754,Cabana Huasteca,1003,2
1033,132754,Cabana Huasteca,1061,2
1034,132754,Cabana Huasteca,1059,2
1035,132584,Gorditas Dona Tota,1067,2
1036,132584,Gorditas Dona Tota,1103,1
1037,132584,Gorditas Dona Tota,1107,2
1038,132584,Gorditas Dona Tota,1123,1
1039,132584,Gorditas Dona Tota,1063,2
1040,132584,Gorditas Dona Tota,1050,0
1041,135032,Cafeteria y Restaurant El Pacifico,1108,2
1042,135032,Cafeteria y Restaurant El Pacifico,1053,2
1043,135032,Cafeteria y Restaurant El Pacifico,1081,0
1044,135032,Cafeteria y Restaurant El Pacifico,1088,2
1045,135032,Cafeteria y Restaurant El Pacifico,1106,0
1046,135032,Cafeteria y Restaurant El Pacifico,1124,1
1047,135032,Cafeteria y Restaurant El Pacifico,1125,1
1048,135032,Cafeteria y Restaurant El Pacifico,1018,1
1049,135032,Cafeteria y Restaurant El Pacifico,1022,1
1050,135032,Cafeteria y Restaurant El Pacifico,1075,1
1051,135032,Cafeteria y Restaurant El Pacifico,1024,2
1052,135032,Cafeteria y Restaurant El Pacifico,1132,1
1053,135032,Cafeteria y Restaurant El Pacifico,1005,2
1054,135032,Cafeteria y Restaurant El Pacifico,1120,1
1055,135032,Cafeteria y Restaurant El Pacifico,1004,2
1056,135032,Cafeteria y Restaurant El Pacifico,1071,2
1057,135032,Cafeteria y Restaurant El Pacifico,1113,0
1058,135032,Cafeteria y Restaurant El Pacifico,1104,2
1059,135032,Cafeteria y Restaurant El Pacifico,1045,0
1060,135032,Cafeteria y Restaurant El Pacifico,1016,2
1061,135032,Cafeteria y Restaurant El Pacifico,1007,1
1062,135032,Cafeteria y Restaurant El Pacifico,1054,1
1063,135032,Cafeteria y Restaurant El Pacifico,1101,2
1064,135032,Cafeteria y Restaurant El Pacifico,1032,0
1065,135032,Cafeteria y Restaurant El Pacifico,1135,0
1066,135032,Cafeteria y Restaurant El Pacifico,1109,2
1067,135032,Cafeteria y Restaurant El Pacifico,1098,2
1068,135032,Cafeteria y Restaurant El Pacifico,1049,0
1069,135028,La Virreina,1108,1
1070,135028,La Virreina,1055,2
1071,135028,La Virreina,1081,1
1072,135028,La Virreina,1106,2
1073,135028,La Virreina,1024,1
1074,135028,La Virreina,1132,2
1075,135028,La Virreina,1004,2
1076,135028,La Virreina,1071,2
1077,135028,La Virreina,1135,0
1078,135028,La Virreina,1109,2
1079,135028,La Virreina,1033,2
1080,135028,La Virreina,1089,1
1081,135028,La Virreina,1059,1
1082,135028,La Virreina,1025,2
1083,135028,La Virreina,1136,2
1084,135085,Tortas Locas Hipocampo,1077,2
1085,135085,Tortas Locas Hipocampo,1108,1
1086,135085,Tortas Locas Hipocampo,1081,1
1087,135085,Tortas Locas Hipocampo,1056,2
1088,135085,Tortas Locas Hipocampo,1134,2
1089,135085,Tortas Locas Hipocampo,1116,2
1090,135085,Tortas Locas Hipocampo,1132,2
1091,135085,Tortas Locas Hipocampo,1120,0
1092,135085,Tortas Locas Hipocampo,1036,2
1093,135085,Tortas Locas Hipocampo,1084,2
1094,135085,Tortas Locas Hipocampo,1113,1
1095,135085,Tortas Locas Hipocampo,1104,2
1096,135085,Tortas Locas Hipocampo,1106,2
1097,135085,Tortas Locas Hipocampo,1045,2
1098,135085,Tortas Locas Hipocampo,1016,2
1099,135085,Tortas Locas Hipocampo,1007,1
1100,135085,Tortas Locas Hipocampo,1013,1
1101,135085,Tortas Locas Hipocampo,1001,0
1102,135085,Tortas Locas Hipocampo,1135,0
1103,135085,Tortas Locas Hipocampo,1032,1
1104,135085,Tortas Locas Hipocampo,1062,0
1105,135085,Tortas Locas Hipocampo,1092,0
1106,135085,Tortas Locas Hipocampo,1109,2
1107,135085,Tortas Locas Hipocampo,1122,2
1108,135085,Tortas Locas Hipocampo,1098,1
1109,135085,Tortas Locas Hipocampo,1033,2
1110,135085,Tortas Locas Hipocampo,1089,1
1111,135085,Tortas Locas Hipocampo,1027,1
1112,135085,Tortas Locas Hipocampo,1029,1
1113,135085,Tortas Locas Hipocampo,1086,2
1114,135085,Tortas Locas Hipocampo,1137,2
1115,135085,Tortas Locas Hipocampo,1046,1
1116,135085,Tortas Locas Hipocampo,1090,2
1117,135085,Tortas Locas Hipocampo,1059,2
1118,135085,Tortas Locas Hipocampo,1049,0
1119,135085,Tortas Locas Hipocampo,1002,1
1120,132663,tacos abi,1068,1
1121,132663,tacos abi,1103,1
1122,132663,tacos abi,1031,0
1123,132663,tacos abi,1082,0
1124,132663,tacos abi,1028,0
1125,132663,tacos abi,1087,1
1126,132626,la perica hamburguesa,1026,2
1127,132626,la perica hamburguesa,1065,1
1128,132626,la perica hamburguesa,1039,2
1129,132626,la perica hamburguesa,1130,0
1130,132583,McDonalds Centro,1044,1
1131,132583,McDonalds Centro,1118,0
1132,132583,McDonalds Centro,1035,1
1133,132583,McDonalds Centro,1119,2
1134,132866,Chaires,1052,2
1135,132866,Chaires,1008,1
1136,132866,Chaires,1015,0
1137,132866,Chaires,1025,2
1138,132866,Chaires,1131,2
1139,135072,Sushi Itto,1083,1
1140,135072,Sushi Itto,1084,2
1141,135072,Sushi Itto,1095,2
1142,135072,Sushi Itto,1013,2
1143,135072,Sushi Itto,1089,1
1144,135072,Sushi Itto,1114,0
1145,135072,Sushi Itto,1096,1
1146,135072,Sushi Itto,1136,1
1147,135109,Paniroles,1030,0
1148,135109,Paniroles,1020,2
1149,135109,Paniroles,1051,1
1150,135109,Paniroles,1041,1
1151,135019,Restaurant Bar Coty y Pablo,1093,2
1152,135019,Restaurant Bar Coty y Pablo,1030,0
1153,135019,Restaurant Bar Coty y Pablo,1066,2
1154,135019,Restaurant Bar Coty y Pablo,1133,1
1155,135019,Restaurant Bar Coty y Pablo,1040,1
1156,135019,Restaurant Bar Coty y Pablo,1121,2
1157,132877,sirloin stockade,1047,0
1158,132877,sirloin stockade,1111,1
1159,132877,sirloin stockade,1015,1
1160,132877,sirloin stockade,1025,1
